{"totuncorr_charge": [1459.1939156933554, 4514.433762209238, 6538.034180031446, 1483.0009794324403, 2494.801188343544, 1530.6151069106097, 5093.738979860302, 7117.339397682509, 3070.1385620380934, 1578.2292343887793, 1094.1522716940551, 1602.0362981278643, 5673.044197511365, 7692.676771377059, 3649.4437796891566, 1117.9593354331398, 1141.7663991722247, 8271.981989028121, 1165.5734629113094, 6248.381571205914, 4228.748997340221, 1189.3805266503944, 2205.1485795180124, 1213.187590389479, 1240.962498085078, 6827.686788856978, 4804.086371034769, 1264.7695618241628, 2784.4537971690756, 1288.5766255632477, 1312.3836893023324, 7403.024162551527, 5383.391588685833, 3359.7911708636248, 1336.1907530414173, 1359.997816780502, 7982.32938020259, 1383.8048805195867, 5958.728962380383, 3939.0963885146884, 1915.4959706924808, 1435.3868519542705, 8561.634597853654], "totuncorr_TOT": [821.3333333333334, 1489.0, 1938.0, 831.3333333333334, 1039.6666666666667, 843.6666666666666, 1623.3333333333333, 2058.0, 1159.6666666666667, 858.3333333333334, 597.6666666666666, 865.3333333333334, 1752.0, 2175.3333333333335, 1282.6666666666667, 631.0, 654.0, 2291.6666666666665, 680.6666666666666, 1876.0, 1421.6666666666667, 693.6666666666666, 992.0, 710.0, 726.6666666666666, 1996.6666666666667, 1557.0, 742.0, 1102.0, 750.0, 764.3333333333334, 2115.0, 1690.0, 1217.0, 776.3333333333334, 782.6666666666666, 2232.0, 792.6666666666666, 1813.6666666666667, 1354.6666666666667, 944.6666666666666, 813.0, 2352.0], "totfit_charge": [1094.1522716940551, 1169.5813860997077, 1245.0105005053601, 1320.4396149110125, 1395.8687293166652, 1471.2978437223178, 1546.7269581279702, 1622.1560725336226, 1697.5851869392752, 1773.0143013449278, 1848.4434157505802, 1923.8725301562326, 1999.3016445618853, 2074.730758967538, 2150.1598733731903, 2225.588987778843, 2301.0181021844955, 2376.447216590148, 2451.8763309958003, 2527.3054454014527, 2602.734559807105, 2678.1636742127575, 2753.5927886184104, 2829.0219030240632, 2904.4510174297156, 2979.880131835368, 3055.3092462410204, 3130.738360646673, 3206.1674750523252, 3281.5965894579776, 3357.025703863631, 3432.4548182692834, 3507.8839326749357, 3583.313047080588, 3658.7421614862405, 3734.171275891893, 3809.6003902975453, 3885.0295047031977, 3960.458619108851, 4035.8877335145035, 4111.316847920156, 4186.745962325808, 4262.175076731461, 4337.604191137113, 4413.033305542765, 4488.462419948418, 4563.891534354071, 4639.320648759724, 4714.749763165376, 4790.178877571028, 4865.607991976681, 4941.037106382333, 5016.466220787986, 5091.895335193638, 5167.324449599291, 5242.753564004944, 5318.182678410596, 5393.611792816248, 5469.040907221901, 5544.470021627553, 5619.899136033207, 5695.328250438859, 5770.757364844511, 5846.186479250164, 5921.615593655816, 5997.044708061469, 6072.473822467121, 6147.902936872773, 6223.332051278426, 6298.761165684079, 6374.1902800897315, 6449.619394495384, 6525.048508901036, 6600.477623306689, 6675.906737712341, 6751.335852117993, 6826.764966523647, 6902.194080929299, 6977.623195334952, 7053.052309740604, 7128.481424146256, 7203.910538551909, 7279.339652957561, 7354.768767363214, 7430.197881768866, 7505.626996174519, 7581.056110580172, 7656.485224985824, 7731.9143393914765, 7807.343453797129, 7882.772568202781, 7958.201682608434, 8033.630797014087, 8109.059911419739, 8184.489025825392, 8259.918140231044, 8335.347254636696, 8410.776369042349, 8486.205483448, 8561.634597853654], "totfit_TOT": [584.4662509131842, 694.8124153314895, 737.6345587913049, 766.4122807332528, 789.9456416258759, 810.9529419727947, 830.5506170153802, 849.2816770054517, 867.441967762655, 885.2064316681249, 902.6851445820287, 919.9508300156164, 937.0534637691225, 954.0285231260528, 970.9018890291014, 987.6928852362296, 1004.4162312775333, 1021.08333666195, 1037.7031817718962, 1054.282931656069, 1070.8283726630486, 1087.3442288334327, 1103.8343949864445, 1120.3021110151706, 1136.7500939929055, 1153.1806395426015, 1169.5957005013624, 1185.996948599558, 1202.385823284693, 1218.7635707109562, 1235.1312751304001, 1251.4898843589904, 1267.840230582506, 1284.1830474677527, 1300.5189843225362, 1316.8486178816495, 1333.1724621705969, 1349.4909768031428, 1365.8045739953318, 1382.1136245217972, 1398.4184627958796, 1414.7193912203286, 1431.0166839279218, 1447.310590009527, 1463.6013363097163, 1479.889129856046, 1496.1741599768113, 1512.4566001529015, 1528.7366096419175, 1545.0143349065604, 1561.2899108742724, 1577.5634620509422, 1593.8351035080211, 1610.1049417595273, 1626.3730755430074, 1642.639596516505, 1658.9045898818888, 1675.168134943464, 1691.4303056095694, 1707.6911708438352, 1723.9507950719046, 1740.2092385486546, 1756.4665576903283, 1772.7228053754266, 1788.9780312177318, 1805.2322818144344, 1821.485600971965, 1837.73802991184, 1853.9896074585533, 1870.2403702113113, 1886.490352701213, 1902.739587535294, 1918.9881055286946, 1935.235935826083, 1951.4831060133351, 1967.7296422203747, 1983.975569215976, 2000.2209104952553, 2016.4656883604996, 2032.7099239959164, 2048.9536375368316, 2065.196848133813, 2081.439574012144, 2097.681832527039, 2113.923640214954, 2130.1650128413057, 2146.405965444889, 2162.646512379269, 2178.886667351363, 2195.1264434574537, 2211.365853216817, 2227.604908603154, 2243.8436210739915, 2260.0820015981976, 2276.3200606817613, 2292.557808391951, 2308.7952543799793, 2325.032407902281, 2341.2692778404858, 2357.505872720205], "lowcapfit_charge": [20.751953125, 8561.634597853654], "lowcapfit_sumADC": [902.0646665122067, 15626.177900189898], "lowevents_charge": [62.255859375, 124.755859375, 187.255859375, 249.755859375, 353.759765625, 41.50390625, 104.00390625, 166.50390625, 229.00390625, 291.50390625, 374.755859375, 478.759765625, 437.255859375, 499.755859375, 208.0078125, 83.251953125, 20.751953125, 145.751953125, 270.5078125, 333.0078125, 395.5078125, 458.0078125, 312.255859375], "lowevents_sumADC": [962.3333333333334, 1070.3333333333333, 1179.0, 1304.3333333333333, 1483.6666666666667, 946.3333333333334, 1039.0, 1146.3333333333333, 1254.3333333333333, 1400.3333333333333, 1508.6666666666667, 1689.3333333333333, 1591.6666666666667, 1736.3333333333333, 1228.0, 1004.3333333333334, 910.6666666666666, 1113.0, 1352.3333333333333, 1451.0, 1549.0, 1641.6666666666667, 1409.6666666666667], "higheventsunder_charge": [439.45801886922317, 947.3420453030321, 971.1491090421171, 487.0721463473928, 994.9561727812018, 510.87921008647754, 1018.7632365202867, 534.6862738255624, 1046.5381442158855, 1070.3452079549704, 582.300401303732, 606.1074650428168, 629.9145287819016, 657.6894364775005, 681.4965002165852, 705.3035639556701, 729.1106276947548, 752.9176914338398, 776.7247551729245, 800.5318189120093, 824.3388826510941, 852.113790346693, 875.9208540857778, 899.7279178248626, 923.5349815639474], "higheventsunder_sumADC": [1618.3333333333333, 2385.6666666666665, 2407.0, 1665.3333333333333, 2433.6666666666665, 1723.6666666666667, 2452.0, 1785.3333333333333, 2487.6666666666665, 2504.3333333333335, 1886.0, 1934.0, 1977.3333333333333, 2033.0, 2054.0, 2110.3333333333335, 2132.3333333333335, 2163.3333333333335, 2191.6666666666665, 2223.6666666666665, 2250.3333333333335, 2277.0, 2304.0, 2323.6666666666665, 2356.6666666666665],